UDI,Product ID,Type,Air temperature [K],Process temperature [K],Rotational speed [rpm],Torque [Nm],Tool wear [min],TWF,HDF,PWF,OSF,RNF,Machine failure
1,H-1,M,300.0970432558897,311.04955271531935,1508,46.59245668432405,20,0,0,0,0,0,0
2,L-2,M,298.33809976717794,309.4647647884394,1647,49.37570137626558,60,1,0,0,0,0,1
3,H-3,H,300.54091365155966,311.31739406563435,1385,23.92440135631026,62,0,0,0,0,0,0
4,H-4,M,299.8995237811017,310.1975996046924,1480,32.37275221433786,121,0,0,0,0,0,0
5,L-5,L,299.5221039062672,312.0752608726253,1428,32.30857650212702,51,0,0,0,0,0,0
6,L-6,L,298.1848726759168,309.3108121819104,1313,30.600968988911355,87,0,0,0,0,0,0
7,H-7,L,298.84645733886333,311.73596380316525,1491,48.294748419317486,152,0,0,0,0,0,0
8,M-8,H,301.5107824516515,310.19791078346265,1487,38.06173861227197,236,0,0,0,0,0,0
9,H-9,M,301.00183437524873,309.3485819963856,1651,37.35485158689389,54,0,0,0,0,0,0
10,H-10,L,298.0448895104029,309.5161141659457,1563,19.961376355932465,45,0,0,0,0,0,0
11,H-11,H,300.19866461085843,309.6796526918057,1397,46.35418030209226,31,0,0,0,0,0,0
12,H-12,M,301.50277424674357,310.4241659464019,1685,27.607416051465275,54,0,0,0,0,0,0
13,L-13,H,296.66118943775723,310.5228354880355,1622,40.599326302663286,95,0,0,0,0,0,0
14,H-14,L,301.0867203847599,309.4262999960614,1558,42.773769379581914,132,0,0,0,0,0,0
15,M-15,L,298.6747524821083,309.975645407739,1477,53.60658595838651,35,0,0,0,0,0,0
16,L-16,L,301.1411973371863,312.1422703586119,1404,26.911796008808878,109,0,0,0,0,0,0
17,M-17,H,298.47348168691497,311.7275431701007,1462,9.804878441791747,233,0,0,0,0,0,0
18,M-18,H,296.390235798671,310.43632366967404,1608,41.83849544753695,176,0,0,0,0,0,0
19,M-19,L,296.74491512423367,310.0380034781682,1688,58.005111815108535,105,0,0,0,0,0,0
20,M-20,H,300.0961698933228,310.1200313267183,1654,52.38946352939438,57,0,0,0,0,0,0
21,L-21,L,300.51944500344297,310.6135179727304,1451,42.096594152746256,38,0,0,1,0,0,1
22,L-22,L,298.1913667497912,308.9772074348016,1388,35.08363814367953,79,0,0,0,0,0,0
23,M-23,M,301.27718491755473,309.74262346257666,1514,48.071225966373106,96,0,0,0,0,0,0
24,M-24,H,296.6769598754621,308.3314159261224,1323,30.264538002955312,112,0,0,0,0,0,0
25,L-25,L,299.8678404027054,310.3992231226053,1532,44.76357769356219,212,0,0,0,0,0,0
26,L-26,L,297.57796760047506,310.6471959397027,1485,45.054701591666266,60,0,0,0,0,0,0
27,L-27,H,298.6963277843957,309.5168135377006,1453,50.6020990749888,136,0,0,0,0,0,0
28,H-28,M,300.09479734263283,311.57398676329,1340,67.59660038911078,5,0,0,0,0,0,0
29,H-29,M,298.2791732694321,308.77423433699767,1551,43.92415967178767,242,0,0,0,0,0,0
30,H-30,L,299.2308889115404,308.53562511979015,1446,34.910363742925014,108,0,0,1,0,0,1
31,M-31,H,302.0125856184289,310.22445181856,1383,39.74425687808006,34,0,0,0,0,0,0
32,H-32,M,298.8462162609537,311.04709830261214,1212,22.30924095110882,38,0,0,0,0,0,0
33,M-33,H,301.6713842241303,311.6839276914579,1497,33.05286868910942,149,0,0,0,0,0,0
34,M-34,H,297.74058629068475,309.54111573713107,1677,35.90717561886896,168,0,0,0,0,0,0
35,H-35,L,301.05960835583056,311.0786808334313,1666,34.759116020654076,117,0,0,0,0,0,0
36,M-36,M,302.8831372413158,309.9614915304993,1454,41.52354872033722,4,0,0,0,0,0,0
37,H-37,L,295.0567109997454,309.8273727000592,1439,31.775800676177994,169,0,0,0,0,0,0
38,H-38,M,298.40620948905905,310.8836599374867,1546,51.210306673244716,86,0,0,0,0,0,0
39,L-39,M,301.1541442543611,310.65232287841343,1400,40.002070649181974,208,0,0,0,0,0,0
40,H-40,M,299.593909227914,308.42360784301576,1530,39.90699678861385,75,0,0,0,0,0,0
41,L-41,M,300.74229174674264,311.4765403497259,1576,36.72105283487082,214,0,0,0,0,0,0
42,H-42,M,298.79202962656836,311.38009135414745,1622,41.551906838589794,207,0,0,0,0,0,0
43,H-43,H,300.1731795749458,309.3744372984905,1489,48.25098264667635,194,0,0,0,0,0,0
44,L-44,L,299.6886455292158,310.3958035334374,1479,31.328697842890996,157,0,0,0,0,0,0
45,L-45,H,302.3355641233196,310.4940301862827,1412,33.41883510924743,56,0,0,0,0,0,0
46,H-46,M,300.5088416866024,310.2606737658239,1417,36.96273971223335,126,0,0,0,0,0,0
47,M-47,L,300.6752053241504,309.44969484615456,1477,26.541290765267853,213,0,0,0,0,0,0
48,L-48,M,299.1762460677551,309.328376632062,1536,31.807421402785025,200,0,0,0,0,0,0
49,M-49,L,299.024787551855,309.97444592900854,1591,35.23779126455341,28,0,0,0,0,0,0
50,M-50,H,299.1348836243608,311.17272901925935,1419,48.74389180712728,238,0,0,0,0,0,0
51,M-51,L,300.7889042847566,310.54360015459446,1649,42.62561329001925,164,0,0,0,0,0,0
52,L-52,L,299.15803103835947,309.6293856679139,1472,41.93589911367545,86,0,0,0,0,0,0
53,M-53,L,300.5795497137928,310.77169871064837,1497,48.50897962167972,140,0,0,0,0,0,0
54,L-54,L,304.15080159729087,307.1514573793699,1425,38.62628211600603,159,0,0,0,0,0,0
55,M-55,L,301.7422494068634,311.1487657003721,1257,43.904648499288896,45,0,0,0,0,0,0
56,H-56,M,299.3479529356643,308.2602862212219,1588,38.96778247067504,115,0,0,0,0,0,0
57,H-57,L,302.4024278443279,309.6375590585969,1573,42.653623493996285,238,0,0,0,0,0,0
58,L-58,L,299.1838492539569,308.88033010537384,1471,34.17241342388418,111,0,0,0,0,0,0
59,H-59,H,295.9237509296443,308.7053185242791,1506,15.61182841723571,150,0,0,0,0,0,0
60,H-60,L,297.9838273781652,311.16082678737854,1551,38.65720837813696,44,0,0,0,0,0,0
61,M-61,H,296.25841615794826,309.5322987986881,1343,54.227481360999406,144,1,0,0,0,0,1
62,L-62,M,299.2969730319174,310.3465038817307,1447,49.26215402241593,246,0,0,0,0,0,0
63,M-63,L,300.0368367583791,309.95307942112083,1579,49.653974845911705,103,0,0,0,0,0,0
64,M-64,H,303.35287462455057,310.4770408272231,1374,52.36130721806218,84,0,0,0,0,0,0
65,M-65,H,300.6538547475283,310.07682189106026,1529,40.88657590961437,193,0,0,0,0,0,0
66,M-66,M,299.56179894238227,308.71700777581145,1364,41.973157074055955,228,0,0,0,0,0,0
67,M-67,L,301.658811162367,310.99626681944716,1546,33.8234810456565,133,0,0,0,0,0,0
68,M-68,L,295.5777293819842,309.5062434168387,1496,36.8392714397295,107,0,0,0,0,0,0
69,M-69,H,300.47122911621716,308.4434181013402,1338,46.15771149771142,17,0,0,0,0,0,0
70,L-70,L,301.54173038777395,309.5718848390341,1616,52.038844371688164,93,0,0,0,0,0,0
71,H-71,H,297.0428275084403,311.50075979063433,1426,38.60553724319001,149,0,0,0,0,0,0
72,M-72,L,302.2875080864139,310.8502217421135,1418,35.498107351485885,245,0,0,0,0,0,0
73,M-73,H,300.6769928149888,309.65134786559213,1520,40.005279588565976,32,0,0,0,0,0,0
74,M-74,L,299.1694241721984,309.6507422956816,1614,46.01206748929115,157,0,0,0,0,0,0
75,M-75,M,301.26556373221257,309.67836494878264,1398,25.56145183866458,208,0,0,0,0,0,0
76,M-76,L,304.5413857156088,312.07674798356084,1506,17.03819046862762,125,0,0,0,0,0,0
77,M-77,L,300.363732510117,310.3819354522316,1542,34.494631505084165,234,0,0,0,0,0,0
78,H-78,M,300.49644117260067,310.43004164719105,1569,27.792875740858413,159,0,0,0,0,0,0
79,H-79,L,299.0812782009195,311.03028345403186,1517,34.91859802352689,169,0,0,0,0,0,0
80,M-80,M,298.3003112610704,310.2387891590265,1463,38.52219681182528,242,0,0,0,0,0,0
81,H-81,L,301.6606716330885,309.74095785417927,1417,35.467515909769865,205,0,0,0,0,0,0
82,L-82,H,298.2878323481823,309.803650150915,1508,54.524675344707454,121,0,0,0,0,0,0
83,M-83,H,300.1431324744388,309.9283987405859,1392,43.2674476460232,137,0,0,0,0,0,0
84,L-84,L,299.0446851064698,309.9627777634902,1207,43.004743596108284,238,0,0,0,0,0,0
85,L-85,L,300.9579596514928,310.72762954363697,1543,46.22207144043402,114,0,0,0,0,0,0
86,M-86,L,300.6673242105739,310.0519458858073,1590,28.611668822192307,163,0,0,0,0,0,0
87,H-87,H,302.0750798885158,310.7326400772156,1263,50.391117874202685,161,0,0,0,0,0,0
88,L-88,L,298.9799672022905,309.9192834198914,1399,39.2423571346454,200,0,0,0,0,0,0
89,M-89,H,299.4602501294133,310.0786351903161,1561,46.70480617241213,233,0,0,0,0,0,0
90,L-90,M,298.04247256843536,308.0017993154679,1705,29.281427669598443,27,0,0,0,0,0,0
91,L-91,H,299.1114134798478,310.9163276747025,1502,24.462412339839357,10,0,0,0,0,0,0
92,L-92,H,300.7546009860897,310.346488475898,1427,48.17889658025029,205,0,1,0,0,0,1
93,L-93,M,301.5139772332907,310.99801010985965,1481,43.76409526097517,166,0,0,0,0,0,0
94,H-94,H,298.15566935164475,307.1037446218063,1637,30.979484456424895,246,0,0,0,0,0,0
95,L-95,L,301.73921184021134,312.08837470478073,1435,31.303369187253054,46,0,0,0,0,0,0
96,L-96,L,302.7112757176099,309.8604103718448,1420,51.254347844147695,245,0,0,0,0,0,0
97,L-97,H,300.8268698064474,311.1081828167375,1451,28.10588107132672,126,0,0,0,0,0,0
98,H-98,L,303.75359162511614,308.9600940728745,1404,56.426729532559634,146,0,0,0,0,0,0
99,L-99,H,298.4524216017929,310.61277390506257,1512,30.99379265352131,117,0,0,0,0,0,0
100,L-100,L,297.51069059337715,308.94658443682636,1662,46.38391925608383,142,0,0,0,0,0,0
101,H-101,L,296.44255950219144,309.3762310393042,1532,36.71381524251015,125,0,0,0,0,0,0
102,H-102,H,302.9920886229784,311.9140313538668,1474,46.03187431082343,155,0,0,0,0,0,0
103,H-103,L,301.3087313127081,309.80931759923664,1470,34.558859978858074,151,0,0,0,0,0,0
104,L-104,H,299.8888306581791,310.21743287317975,1343,38.37207093927706,71,0,0,0,0,0,0
105,H-105,L,300.55993725263966,310.87006773068873,1588,40.40919175395721,106,0,0,0,0,0,0
106,H-106,L,297.74902190540325,310.4956818879726,1492,29.978125442185274,136,0,0,0,0,0,0
107,L-107,M,304.89150395923366,310.15041890514357,1481,47.408243454201255,174,0,0,0,0,0,0
108,H-108,M,300.25844236395045,310.3649610024662,1819,34.867864335284146,32,0,0,0,0,0,0
109,L-109,H,300.2187895892098,312.4034155852383,1529,37.714000846599816,189,0,0,0,0,0,0
110,M-110,M,301.4515332477974,309.94238120296643,1424,30.056506253914876,224,0,0,0,0,0,0
111,H-111,H,300.96201846347344,310.20109904671494,1457,14.376663412046895,18,0,0,0,0,0,0
112,M-112,M,300.44776804855826,311.0506543960076,1614,38.08972237399831,194,0,0,0,0,0,0
113,L-113,L,298.41905108910936,311.10552593295796,1511,64.12615421612915,73,0,0,0,0,0,0
114,H-114,H,300.942936714272,311.18703030556037,1356,47.84604287898024,167,0,0,0,0,0,0
115,L-115,H,303.76404899295005,310.6387302220292,1591,39.80739620265605,174,0,0,0,0,0,0
116,M-116,L,302.69084009230994,308.8569950872695,1433,37.37109170791732,233,0,0,0,0,0,0
117,L-117,H,303.1863732532788,311.6334315323011,1687,40.22465892812046,192,0,0,0,0,0,0
118,H-118,H,298.9775686471376,308.8536546069813,1608,45.4711911517521,156,0,1,1,0,0,1
119,H-119,M,298.0207903594828,310.302635465239,1455,28.191871846911553,177,0,0,0,0,0,0
120,M-120,H,299.7484261598007,309.2457241499806,1628,51.143216946688725,97,0,0,0,0,1,1
121,L-121,L,300.1114498245774,309.935861653407,1506,47.15381315441244,242,0,0,0,0,0,0
122,H-122,M,302.1883830369419,310.32876241030345,1585,47.18185725707934,140,0,0,0,0,0,0
123,M-123,M,296.6150707405704,310.3213572154503,1548,44.38475738809727,245,0,0,0,0,0,0
124,H-124,L,303.0591006389212,310.42192075423526,1415,40.1961665769399,128,0,0,0,0,0,0
125,H-125,L,299.683984202842,311.6137112690586,1435,46.7286123596682,161,0,0,0,0,0,0
126,L-126,M,299.14623786010515,310.45353430151397,1602,45.91814133741378,92,0,0,0,0,0,0
127,H-127,H,297.97579124947964,309.75584336470934,1466,36.45959289058976,175,0,0,0,0,0,0
128,L-128,M,296.6902866562685,310.96408716828836,1459,34.26398227103099,238,0,0,0,0,0,0
129,H-129,L,301.6463411679238,311.18947048892466,1404,41.01856295261987,204,0,0,0,0,0,0
130,M-130,M,300.14663593437683,308.772392184863,1542,55.49020151495188,47,0,0,0,0,0,0
131,H-131,L,297.4200782005179,310.59740006984987,1706,27.60892924346099,176,0,0,0,0,0,0
132,L-132,M,297.40984245587276,310.7011727423109,1393,25.3247473424756,244,0,0,0,0,0,0
133,L-133,H,299.32843060141977,309.70243649664,1502,41.647608412365166,63,0,0,0,0,0,0
134,M-134,M,303.3380430505788,311.37570681331164,1641,40.50887701856018,60,0,0,0,0,0,0
135,H-135,M,299.4808172972728,309.8499444129675,1492,41.73341664370408,156,0,0,0,0,0,0
136,H-136,L,296.9937140937638,310.1255764534715,1545,42.439531979085004,38,0,0,0,0,0,0
137,M-137,L,299.5085138718281,309.82692817571615,1393,37.76797745365195,127,0,0,0,0,0,0
138,H-138,L,299.45455286050463,310.01557904758147,1542,54.898634386020824,87,0,0,0,0,0,0
139,H-139,M,294.6062267141169,308.9037249131048,1481,23.990960215234843,25,0,0,0,0,0,0
140,L-140,H,299.8914102669644,308.5599491174057,1598,31.715029752197538,16,0,0,0,0,0,0
141,H-141,L,299.53813093958263,311.594505063225,1618,38.96745239850953,70,0,0,0,0,0,0
142,H-142,L,301.3924127296268,309.1530386516817,1758,23.568111888458326,12,0,0,0,0,0,0
143,M-143,M,303.6979121898907,309.0086076505437,1557,38.241455955679285,68,0,0,0,0,0,0
144,M-144,L,302.2531300590955,307.84660988639627,1532,56.61470165728018,25,0,0,0,0,0,0
145,L-145,H,299.46222261889034,309.3610382523105,1519,40.20886488295962,48,0,0,0,0,0,0
146,H-146,H,297.78694818251665,308.6769102065925,1464,42.30700905718683,194,0,0,0,0,0,0
147,H-147,L,305.14671960649974,311.6420151601364,1533,27.398352348274198,6,0,0,0,0,0,0
148,H-148,L,300.118436868029,311.0098170893426,1470,33.83638591960523,57,0,0,0,0,0,0
149,L-149,M,300.0278585838259,309.31184965482225,1516,36.24803619676063,48,0,0,0,0,0,0
150,L-150,H,299.95174982578,312.2524358053443,1631,36.82284903243766,102,0,0,0,0,0,0
151,M-151,H,300.3961695215357,310.9817654869916,1399,52.81643795003769,52,0,0,0,0,0,0
152,L-152,L,299.7112791761521,309.67516861649136,1613,45.57691060725124,192,0,0,0,0,0,0
153,H-153,M,298.85267598623955,307.50059428512645,1631,28.88542043062968,240,0,0,0,0,0,0
154,H-154,H,298.9062821175192,312.2909425725907,1488,42.46504778432005,61,0,0,0,0,0,0
155,L-155,H,299.934493459568,308.6104275332364,1287,44.98221748496785,16,0,0,0,0,0,0
156,H-156,M,298.91315045773246,308.3546012530431,1439,51.40149038521267,170,0,0,0,0,0,0
157,H-157,M,298.5743084346457,311.0225704320096,1629,55.805406865683736,24,0,0,0,0,0,0
158,L-158,H,300.2128604553838,312.43975240633927,1497,29.849058081721314,130,0,0,0,0,0,0
159,L-159,H,299.4900455651583,311.3842728185105,1400,31.89142488789662,206,0,0,0,0,0,0
160,H-160,M,303.0079859771654,310.56390912005236,1449,27.42422141085384,28,0,0,0,0,0,0
161,H-161,H,294.698060383214,310.5947543416653,1584,37.659801408930186,116,0,0,0,0,0,0
162,H-162,L,302.18301370384495,310.8534155587803,1554,44.663583744463345,234,0,0,0,0,0,0
163,M-163,L,302.49217038499523,310.75892858978676,1476,49.87334516589102,159,0,0,0,0,0,0
164,M-164,M,295.8532195351837,310.2811914239694,1463,39.24048976357477,25,0,0,0,0,0,0
165,M-165,M,299.3146248118393,310.1042011039519,1460,36.80152476745156,123,0,0,0,0,0,0
166,L-166,M,299.2571182680084,309.9374068721005,1407,41.51757992248741,143,0,0,0,0,0,0
167,M-167,L,297.1849766105644,309.24603541113333,1661,31.64857098369977,24,0,0,0,0,0,0
168,L-168,H,298.44436662481826,309.71932492313323,1467,60.89538721694773,53,0,0,0,0,0,0
169,L-169,L,297.77884830906834,308.3070431858046,1621,23.923389728819412,155,0,0,0,0,0,0
170,M-170,H,303.5045408868472,309.90166037320523,1652,41.847405788957246,72,0,0,0,0,0,0
171,M-171,L,301.87135678629494,309.0114088928491,1599,60.236062192296394,119,0,0,0,0,0,0
172,M-172,H,302.54311018998834,308.8964106827842,1456,40.067998445599976,55,0,0,0,0,0,0
173,H-173,L,301.4433441280865,310.17989415115346,1540,38.099609649985055,64,0,0,0,0,0,0
174,M-174,M,297.74189645756553,311.3920022863446,1497,36.42554577189573,92,0,0,0,0,0,0
175,H-175,L,298.95095946744044,310.9183166060023,1409,38.19608318237592,248,0,0,0,0,0,0
176,L-176,H,300.97874912245584,308.4294993963768,1532,53.728484746765304,85,0,0,0,0,0,0
177,H-177,L,297.5557443822161,309.01037186342967,1382,17.88138088670493,79,0,0,0,0,0,0
178,M-178,L,301.42599686034475,310.9407711879882,1618,55.33433701296325,168,0,0,0,0,0,0
179,L-179,L,299.5193492036837,309.0175126064617,1453,25.76042847549855,242,0,0,0,0,0,0
180,L-180,M,299.2503583849008,309.77536685000297,1520,37.333476707655855,107,0,0,0,0,0,0
181,L-181,L,301.421919936407,310.5500520990245,1528,35.707555797013384,178,0,0,0,0,0,0
182,H-182,M,300.88852662297205,309.03165554513635,1474,45.8855326977072,117,0,0,0,0,0,0
183,M-183,M,299.2780676683618,310.10537550614595,1558,24.018756481162526,232,0,0,0,0,0,0
184,L-184,L,302.3186596067285,308.6659745050818,1452,44.62172666081943,198,0,0,0,0,0,0
185,L-185,L,297.8378733448002,309.3986323560488,1587,60.243096232868524,205,0,0,0,0,0,0
186,L-186,L,301.23187121388855,310.31978193414255,1365,26.368259954071895,156,0,0,0,0,0,0
187,H-187,H,301.18620251593677,308.40700626646833,1512,41.89706167610396,82,0,0,0,0,0,0
188,H-188,L,299.38090712137205,310.4404747379604,1693,33.38017822203391,146,0,0,0,0,0,0
189,M-189,M,300.65226604448424,309.9803622010733,1399,44.25887206193036,193,0,0,0,0,0,0
190,H-190,L,297.4977728472294,310.5524899544171,1432,40.19147777415752,168,0,0,0,0,0,0
191,L-191,H,301.8480540384138,310.22391413406467,1551,33.5851309095569,172,0,0,0,0,0,0
192,M-192,L,299.630195727114,311.3641404299739,1517,44.87872284871074,14,0,0,0,0,0,0
193,L-193,H,298.9545539589619,310.1252245026479,1535,58.04348109786743,130,0,0,0,0,0,0
194,L-194,H,302.0980184516738,309.5705944588747,1548,38.09096208272701,138,0,0,0,0,0,0
195,H-195,L,298.59131261891446,310.12229750303226,1563,47.19757942148182,180,0,0,0,0,0,0
196,M-196,M,297.1830774072729,310.5432980290364,1610,27.067270421288363,173,0,0,0,0,0,0
197,H-197,H,296.8867416529522,310.0488600703257,1540,30.435636231819913,29,0,0,0,0,0,0
198,H-198,L,301.2120199026913,310.0405916912039,1475,44.72406277880377,56,0,0,0,0,0,0
199,M-199,L,297.43914129500746,309.29800831219325,1567,54.84116028535965,231,0,0,0,0,0,0
200,L-200,M,303.5095883639687,309.3370990824491,1689,43.5561334878566,145,0,0,0,0,0,0
201,L-201,H,295.83614118423253,308.5973947282003,1486,36.86941969476845,178,0,0,0,0,0,0
202,M-202,H,303.39291273658006,311.74957674318694,1402,39.99291405423354,127,0,0,0,0,0,0
203,L-203,L,300.42203493440525,308.7561367646087,1610,27.495922660302824,47,0,0,0,0,0,0
204,M-204,L,299.8065737762592,309.3070948022041,1487,46.045153263553665,193,0,0,0,0,0,0
205,M-205,M,298.9101618263821,309.28159273443083,1282,48.82333062323409,223,0,0,0,0,0,0
206,H-206,M,300.79827222870415,310.89492437694446,1584,35.4790966716692,135,0,0,0,0,0,0
207,M-207,H,299.9247305951503,309.705050321708,1446,35.299578522404985,21,0,0,0,0,0,0
208,H-208,H,302.20660376403305,311.24774207267376,1490,42.658782296520485,5,1,0,0,0,0,1
209,L-209,L,300.2284552973241,309.32650937575613,1533,35.63280263959405,203,0,0,0,0,0,0
210,L-210,H,300.3006035229238,310.2789941622238,1519,39.338673853741774,238,0,0,0,0,0,0
211,L-211,M,299.27277557557227,309.16465294674026,1570,60.99721789166516,184,0,0,0,0,0,0
212,L-212,M,299.88610875255785,312.1451491277734,1456,37.52974299254004,103,0,0,0,0,0,0
213,H-213,L,300.6156035377841,308.81240158097046,1551,36.41659847978778,35,0,0,0,0,0,0
214,L-214,M,296.5796632146868,310.30982071022703,1474,33.52458194364841,78,0,0,0,0,0,0
215,M-215,M,297.3036291557886,310.6337768809321,1573,47.441919714999365,219,0,0,0,0,0,0
216,M-216,M,301.48652818804544,310.4137990974515,1561,38.18775826781897,115,0,0,0,0,0,0
217,M-217,M,300.3417308762559,309.8147123411223,1406,33.506269616785744,56,0,0,0,0,0,0
218,H-218,L,299.63203332729466,309.87017930026656,1608,53.21304032273012,48,0,0,0,0,0,0
219,L-219,L,300.03686786613076,310.0438114719791,1446,54.19603004513637,172,0,0,0,0,0,0
220,L-220,H,300.69516341072335,309.8529979983715,1580,33.99576434261295,81,0,0,0,0,0,0
221,L-221,M,298.92048063938125,310.9638791167949,1536,21.33460048639384,65,0,0,0,0,0,0
222,H-222,H,298.4433905491954,312.21052300159135,1683,50.07513689836922,76,0,0,0,0,0,0
223,M-223,L,300.39169051019536,309.4425082149922,1477,33.15370174239996,44,0,0,0,0,0,0
224,M-224,L,298.04325444476996,308.6301970204209,1465,47.90625599162769,245,0,0,0,0,0,0
225,L-225,L,300.81650551142894,309.91171795164877,1498,20.298961822881644,78,0,0,0,0,0,0
226,M-226,L,296.5948327915243,312.5797093376543,1469,48.92597338299309,19,0,0,0,0,0,0
227,M-227,L,302.05831127465126,309.1963254320303,1579,27.888280707192187,191,0,0,0,0,0,0
228,H-228,L,300.9451949648261,311.6391168054441,1338,47.307641190665244,220,0,0,0,0,0,0
229,H-229,L,300.51205946862774,311.67770081407645,1394,40.142730678364344,122,0,0,0,0,0,0
230,H-230,M,301.965381967891,309.446411758292,1393,30.460605806033552,233,0,0,0,0,0,0
231,H-231,H,303.33094888892515,310.5689830791853,1595,35.929636870732196,220,0,0,0,0,0,0
232,L-232,L,302.0287401300363,311.62839662312854,1671,46.86318456956701,66,0,0,0,0,0,0
233,H-233,M,296.3182515373367,309.6208722590125,1489,41.05894453115234,82,0,0,0,0,0,0
234,M-234,M,297.4408460665286,309.79641963989764,1483,45.844129804724844,2,0,1,0,0,0,1
235,L-235,H,298.7503628446086,309.4183190860514,1507,59.764405845154855,181,0,0,0,0,0,0
236,M-236,L,300.05218210042165,308.98524326930715,1616,24.357583882889486,205,0,0,0,0,0,0
237,M-237,H,301.03531804093825,309.350722454934,1407,56.17212574968624,63,0,0,0,0,0,0
238,M-238,L,298.5485123736931,308.77605973323773,1523,41.04355937523213,39,0,0,0,0,0,0
239,H-239,M,300.37353352895417,310.0340834682592,1597,31.01215951676872,58,0,0,0,0,0,0
240,H-240,M,298.4892341352934,309.23002676894134,1550,26.696863742610102,182,0,0,0,0,0,0
241,L-241,M,298.7769643940161,310.23378591179073,1518,38.10879609222967,61,0,0,0,0,0,0
242,L-242,M,297.1866778063036,308.4441043537964,1600,49.2165011192446,131,0,0,0,0,0,0
243,H-243,H,298.1535335077782,310.33088023221444,1229,38.724508796224654,59,0,0,0,0,0,0
244,M-244,L,297.29663078876735,310.8335289616089,1567,55.11154930247348,115,0,0,0,0,0,0
245,L-245,L,298.04825349404535,308.00626435742856,1434,25.48824309948441,74,0,0,0,0,0,0
246,H-246,H,302.1072835932157,310.3740565698476,1316,39.87911052153945,121,0,0,0,0,0,0
247,H-247,L,298.1012022223361,311.2276689924733,1551,27.476065555868807,222,0,0,0,0,0,0
248,H-248,M,305.2647641296748,308.79035898130877,1637,43.63631882624968,106,0,0,0,0,0,0
249,M-249,L,300.9866358017618,311.6725723868377,1486,48.868873900973,95,0,0,0,0,0,0
250,H-250,M,300.36967224738976,310.419019009366,1595,35.792382063189464,90,0,0,0,0,0,0
251,H-251,H,298.28328443963755,309.2949881442416,1661,13.95786143372866,157,0,0,0,0,0,0
252,H-252,L,301.400619758818,309.9442309223423,1631,41.98948146796494,234,0,0,0,0,0,0
253,H-253,H,298.84872434752447,310.55832691252175,1663,44.367385517335094,129,0,0,0,0,0,0
254,L-254,L,300.24401962929073,310.0760053914124,1574,44.042947549616976,61,0,0,0,0,0,0
255,L-255,M,305.1201690765376,310.5387559924464,1507,52.35782191822154,48,0,0,0,0,0,0
256,H-256,H,299.8078802005507,309.07932640692064,1339,29.289463203509513,136,0,0,0,0,0,0
257,M-257,L,302.29854665257136,310.16936082403606,1475,46.802161054504495,91,0,0,0,0,0,0
258,L-258,M,298.5936471497482,308.58628550309504,1415,51.92507512477975,158,0,0,0,0,0,0
259,H-259,H,299.93002301900606,309.8887739386513,1717,22.214124159934833,123,0,0,0,0,0,0
260,L-260,H,303.541601271271,309.0960923585352,1482,43.19651825918977,225,0,0,0,0,0,0
261,L-261,L,298.74606588442447,309.2644700574102,1512,34.958201689923285,60,0,0,0,0,0,0
262,M-262,L,303.62489711599386,311.23609317521044,1555,39.18477326898354,247,0,0,0,0,0,0
263,H-263,L,301.4155038709109,311.09131012059424,1504,43.476764835383364,206,0,0,0,0,0,0
264,H-264,M,298.87506644821144,310.6091381209072,1669,35.12771435886448,47,0,0,0,0,0,0
265,M-265,L,301.264815478111,308.90768723532744,1437,33.24291920838388,152,0,0,0,0,0,0
266,M-266,H,301.94510889925346,309.6835915503052,1519,40.34152417488025,163,0,0,0,0,0,0
267,H-267,H,301.24361992443437,311.2130976999792,1425,29.127540611371973,135,0,0,0,0,0,0
268,H-268,L,296.8595505602191,310.1417169136399,1367,29.141748711148146,200,0,0,0,0,0,0
269,M-269,L,298.54572564835024,312.3193295399817,1438,46.79373282956503,249,0,0,0,0,0,0
270,L-270,H,299.504962728897,310.3933178393944,1496,28.51205964841344,57,0,0,0,0,0,0
271,L-271,M,299.8511331417999,310.19204911649,1457,46.66312500909212,100,0,0,0,0,0,0
272,M-272,L,301.24134419510136,309.6908835357975,1430,44.62591292853951,111,0,0,0,0,0,0
273,L-273,L,300.3554020018665,310.1335409047823,1359,22.741932712094034,172,1,0,0,0,0,1
274,M-274,H,297.3293112825798,309.84753016361947,1491,33.22435347664345,61,0,0,0,0,0,0
275,L-275,L,300.7603957020119,310.7081086766886,1349,51.94109403047372,38,0,0,0,0,0,0
276,L-276,M,301.22117149056766,310.9567023167946,1576,30.188344688603184,223,0,0,1,0,0,1
277,H-277,H,301.1195808958621,309.21401053949205,1508,35.355957376906126,57,0,0,0,0,0,0
278,H-278,L,302.16156145110926,308.6687670464422,1354,44.62060893251896,243,0,0,0,0,0,0
279,L-279,H,301.6678443090978,308.16379462689673,1469,47.83390509282596,208,0,0,0,0,0,0
280,L-280,L,300.9183601584569,310.50799132691253,1424,37.48461113955504,98,0,0,0,0,0,0
281,H-281,L,299.8596685770827,308.8966333938261,1531,34.02489805308358,228,0,0,0,0,0,0
282,H-282,L,296.67807813296804,307.8471094070475,1634,54.223698616985075,210,0,0,0,0,0,0
283,H-283,M,300.85923643826516,310.38857860453095,1312,57.388996637975794,191,0,0,0,0,0,0
284,M-284,M,300.41537537432623,312.4929995174328,1511,49.788580507817954,43,0,0,0,0,0,0
285,L-285,H,300.5431576743907,309.9939290884601,1483,40.85318142565024,28,0,0,0,0,0,0
286,H-286,L,297.4465028483594,310.83849077445166,1567,31.917342783590737,58,0,0,0,0,0,0
287,L-287,L,297.83788691918346,310.08182935854757,1521,31.695555934434346,70,0,0,0,0,0,0
288,M-288,M,302.1063057066658,309.9011103468089,1424,45.22514105265758,91,0,0,0,0,0,0
289,M-289,L,299.92088969228666,310.91907648298775,1468,44.18398220888684,8,0,0,0,0,0,0
290,H-290,M,301.36300139474525,309.70972545581134,1420,54.01598592946429,126,0,0,0,0,0,0
291,M-291,L,300.05663675226094,310.2673923140719,1607,46.50450092536139,219,0,0,0,0,0,0
292,L-292,H,300.05951227899146,310.321697806196,1502,24.96919698240182,133,0,0,0,0,0,0
293,H-293,L,301.876567611952,309.33190954635694,1690,50.51947617722919,156,0,0,0,0,0,0
294,L-294,L,298.96791054356527,310.9920423495365,1493,30.01939372685587,185,0,0,0,0,0,0
295,L-295,M,300.19224155388196,309.8250402433046,1429,36.16028728047648,144,0,0,0,0,0,0
296,M-296,L,299.07544942258994,309.24425484050715,1348,42.502002062516944,143,0,0,0,0,0,0
297,M-297,L,299.1310075451354,310.5365098435704,1319,59.95667489783965,214,0,0,0,0,0,0
298,M-298,M,299.3816557530627,309.10153201820896,1341,71.09918556005361,222,0,0,0,0,0,0
299,M-299,H,300.4442675432674,310.02818115736915,1526,46.06723059136183,130,0,0,0,0,0,0
300,M-300,H,299.04250275667306,309.9908810033558,1550,38.168033812796125,20,0,0,0,0,0,0
301,H-301,M,302.51151225114705,311.0858955658316,1341,45.345056484805504,63,0,0,0,0,0,0
302,L-302,M,298.210785395561,310.47469823288,1589,48.87655425873836,89,0,0,1,0,0,1
303,L-303,M,299.6262567116773,309.9749730412549,1451,36.793323744428086,35,0,0,0,0,0,0
304,L-304,M,299.1205378834517,310.8177662992003,1514,57.95211355912322,233,0,0,0,0,0,0
305,L-305,M,302.8939557687075,311.3902075490173,1661,42.30070759191402,228,0,0,0,0,0,0
306,M-306,H,300.3931095530231,310.5578103063519,1589,44.97743089091394,244,0,0,0,0,0,0
307,L-307,H,302.0636890789373,310.0103526198434,1473,46.659242520544616,213,0,0,0,0,0,0
308,H-308,M,297.02887925392605,308.6881637676498,1410,44.21586610614456,61,0,0,0,0,0,0
309,H-309,L,300.53410053173855,308.93488633692465,1284,48.38940500469612,169,0,0,0,0,0,0
310,L-310,M,301.7792615912469,309.69477529564534,1428,33.82746813453077,75,0,0,0,0,0,0
311,L-311,L,300.16456797855085,309.3904877978407,1478,34.41698246053969,169,0,0,0,0,0,0
312,H-312,M,302.1309607501307,309.81302869701454,1401,28.998457670283052,188,0,0,0,0,0,0
313,H-313,M,298.96542309979924,310.0566499248971,1486,44.39501230620226,12,0,0,0,0,0,0
314,M-314,H,302.81869488037114,310.52969275435674,1507,47.78936503512114,10,0,0,0,0,0,0
315,H-315,L,304.5977962472385,309.9295012219409,1477,44.57772866151886,53,0,1,0,0,0,1
316,M-316,L,299.2743228791207,310.4865016438262,1434,56.744924333475375,15,0,0,0,0,0,0
317,M-317,H,299.10899495719843,310.0644744148101,1516,39.94403981170954,7,0,0,0,0,0,0
318,M-318,H,302.9067689542354,308.0245334336461,1544,46.687416555925125,103,0,0,0,0,0,0
319,M-319,H,303.1591442914614,309.06066460618126,1390,29.08299123860686,58,0,0,0,0,0,0
320,M-320,H,298.9542799456935,309.8559124442784,1641,36.12900297525599,56,0,0,0,0,0,0
321,L-321,L,299.15962636580826,308.7903052571589,1490,46.95537757565778,39,0,0,0,0,0,0
322,H-322,L,299.436430782279,310.5999287299962,1501,48.491021107431436,236,0,0,0,0,0,0
323,M-323,M,297.31109897793147,311.5307508323437,1570,37.060330523358175,186,0,0,0,0,0,0
324,H-324,M,298.1626961070316,311.2187618516973,1523,39.28400748141933,129,0,0,1,0,0,1
325,H-325,H,297.99171846649585,309.7865571290698,1595,24.821262533191906,93,0,0,0,0,0,0
326,M-326,H,298.46440486979174,311.49072613684996,1528,36.42970799193391,221,0,0,0,0,0,0
327,L-327,H,299.9306302252264,310.1486674572021,1438,48.90383163519786,203,0,0,0,0,0,0
328,M-328,M,300.46842946507303,309.66291402888197,1536,45.75205016106566,137,0,0,0,0,0,0
329,L-329,M,303.10100098562816,309.38659733645903,1385,45.0066572138121,43,0,0,0,0,0,0
330,H-330,M,298.0032919185224,309.6975303135119,1510,40.4977368718096,138,0,0,0,0,0,0
331,L-331,M,301.9686447969532,309.61182318145876,1496,40.07063158628176,206,0,0,0,0,0,0
332,L-332,M,299.572022311549,310.1704162223755,1479,33.39678860526553,79,0,0,0,0,0,0
333,L-333,M,299.90107258069514,310.1605739810499,1487,46.98828420202535,80,0,0,0,0,0,0
334,H-334,M,301.3496389843332,310.0030460201534,1311,44.2097294438939,217,0,0,0,0,0,0
335,H-335,H,297.7545559568754,310.4369381697463,1445,44.920188479927994,1,0,0,0,0,0,0
336,L-336,H,300.7648194923681,311.19064627478633,1509,34.739651573324196,177,0,0,0,0,0,0
337,L-337,H,300.3329044164261,310.9495541354413,1515,18.466570801287556,139,0,0,0,0,0,0
338,M-338,H,300.9849025280163,308.5151020315501,1397,50.97152711753696,114,0,0,0,0,0,0
339,L-339,M,300.57833728781566,307.44607886509806,1626,35.211625439915956,89,0,0,0,0,0,0
340,M-340,L,304.9106002798218,310.9343199112393,1413,31.372242359568794,22,0,0,0,0,0,0
341,L-341,M,298.7245200314974,308.6331213015846,1596,46.934789119139936,145,0,0,0,0,0,0
342,M-342,L,298.93800608999635,309.7752345981073,1542,36.0798736008087,61,0,0,0,0,0,0
343,H-343,H,298.75371894715045,308.82988697394063,1435,50.59936384046622,223,0,0,0,0,0,0
344,L-344,M,298.8890457616795,308.19801956242,1677,46.17005949576698,112,0,0,0,0,0,0
345,L-345,H,298.725225745387,310.5414627282048,1380,46.83569323200477,127,0,0,0,0,0,0
346,L-346,M,302.3780330622151,310.75915516030267,1591,26.340442887994655,61,0,0,0,0,0,0
347,L-347,H,302.84100849597974,309.4234895992733,1600,52.11943985386401,37,0,0,0,0,1,1
348,M-348,L,298.85850741250107,307.4089577078551,1432,42.61250531233856,248,0,0,0,0,0,0
349,L-349,L,298.33528885379155,309.4537555517475,1639,36.307228607537965,238,0,0,0,0,0,0
350,H-350,L,300.9428311127728,310.39180400540255,1474,41.43388467342251,194,0,0,0,0,0,0
351,H-351,M,298.89555391143807,308.52108843122585,1528,22.237647671016802,165,0,0,0,0,0,0
352,L-352,L,301.26586363551104,310.18335991977915,1526,44.08652811480671,194,0,0,0,0,0,0
353,H-353,M,300.4058460417026,309.984690150827,1486,29.706284918179286,221,0,0,0,0,0,0
354,L-354,L,296.96851177000553,310.5792914996011,1581,26.473297141564657,60,0,0,0,0,0,0
355,L-355,L,303.09501040266014,310.1195803684142,1579,24.77640813782109,128,0,0,0,0,0,0
356,H-356,M,303.59175534619106,309.02693105911845,1325,51.12688374989925,221,0,0,0,0,0,0
357,L-357,M,298.7744226190312,311.1965715016645,1630,33.707366063072115,172,0,0,0,0,0,0
358,H-358,L,299.22459688012805,309.84147042697305,1333,55.33727709916499,223,0,0,0,0,0,0
359,M-359,M,300.5717307814498,309.97269546049006,1603,34.64198536947702,155,0,0,0,0,0,0
360,L-360,L,300.66891357997406,309.0667320409268,1612,22.926420424070532,148,0,0,0,0,0,0
361,M-361,M,301.31708854534565,309.55671774880847,1390,28.83475560051341,121,0,0,0,0,0,0
362,H-362,H,304.0204090775327,309.1151972859731,1458,52.35811620006939,109,0,0,0,0,0,0
363,M-363,H,299.6461055450119,309.82705394007655,1389,38.441018220633325,12,0,0,0,0,0,0
364,M-364,H,298.4034055109231,311.71170848014236,1478,34.51712703509399,154,0,0,0,0,0,0
365,H-365,H,297.2413615439709,308.62809885706866,1469,41.60018225852788,99,0,0,0,0,0,0
366,M-366,H,298.5381399201162,308.38643860212323,1577,45.01782736167545,134,0,0,0,0,0,0
367,M-367,L,299.9337460542524,311.4711703274936,1631,51.17398815902461,21,0,0,0,0,0,0
368,H-368,H,303.58911572703556,309.7906763228481,1639,54.484992298929264,73,0,0,0,0,0,0
369,M-369,H,298.9647774019277,309.3309272613401,1443,36.40231354210914,230,0,0,0,0,0,0
370,H-370,H,300.4475759032778,311.0399046873961,1479,26.739523139179617,180,0,0,0,0,0,0
371,M-371,H,299.9671542078545,309.39438446026315,1331,35.86534838876724,206,0,0,0,0,0,0
372,H-372,M,302.37678654689614,311.8260097135469,1419,42.60280506582886,206,0,0,0,0,0,0
373,H-373,L,305.0538648517472,310.67792587133926,1596,30.36241073789389,131,0,0,0,0,0,0
374,M-374,H,298.93826245415937,309.5120885918543,1661,30.42849085104957,223,0,0,0,0,0,0
375,M-375,H,299.02112111496353,312.1573082132655,1376,43.437878815498856,22,0,0,0,0,0,0
376,M-376,H,302.0883217541381,309.39428507699665,1440,39.51347648429549,118,0,0,0,0,0,0
377,L-377,L,301.3637829792526,310.7420953720093,1497,40.327969954115865,69,0,0,0,0,0,0
378,L-378,M,303.69341465147204,310.2992925804065,1528,32.41504665299931,215,0,0,0,0,0,0
379,L-379,L,301.1678563706519,311.3017412893988,1419,37.69599285794233,83,0,0,0,0,0,0
380,H-380,M,299.2814158184259,311.5615111967268,1542,30.757668557316954,249,0,0,0,0,0,0
381,M-381,H,301.1813096613846,310.03200414906576,1452,48.90198411124787,100,0,0,0,0,0,0
382,H-382,H,302.2174071611658,309.2465821296538,1498,50.35249334723753,83,0,0,0,1,0,1
383,L-383,L,301.64096436239475,310.45997214293914,1554,21.538121377619063,203,0,0,0,0,0,0
384,M-384,L,301.0145480622146,309.3222846302479,1500,30.7048913980759,160,0,0,0,0,0,0
385,H-385,M,302.1333493791783,312.0133872475266,1456,25.03470744909921,27,0,0,0,0,0,0
386,M-386,M,302.33859118089134,310.1365353310827,1489,33.49976065593102,135,0,0,0,0,0,0
387,H-387,L,302.76431798207506,309.6346784486879,1491,39.16562030209639,0,0,0,0,0,0,0
388,M-388,M,301.29741977517926,310.1846803058649,1462,25.503547803014698,164,0,0,0,0,0,0
389,L-389,L,299.66576383936626,308.6528737104703,1474,30.78140186874687,62,0,0,0,0,1,1
390,L-390,M,300.29342737286663,309.02838596148933,1659,29.960426279185015,21,0,0,0,0,0,0
391,M-391,L,302.4130179330167,311.20041390794444,1556,42.07267329398944,69,0,0,0,0,0,0
392,H-392,L,298.3661286580255,309.3431057210286,1470,40.6934433703625,124,0,0,0,0,0,0
393,L-393,L,300.7373466177458,308.95308901731806,1569,32.78262446662747,148,0,0,0,0,0,0
394,L-394,M,299.2133223753453,310.5366527525273,1466,41.76820872139398,95,0,0,0,0,0,0
395,L-395,M,300.0574896458696,311.185704154663,1617,34.533199154127345,162,0,0,0,0,0,0
396,M-396,M,302.5569037252146,310.7189533106651,1536,37.283448896739465,78,0,0,0,0,0,0
397,M-397,L,300.3821981360398,310.9960476858058,1489,56.734520902985366,4,0,0,0,0,0,0
398,H-398,M,300.0928730963123,309.24320491143055,1544,53.40461051790348,59,0,0,0,0,0,0
399,H-399,M,297.28028771804014,308.57818933325814,1342,27.004187630724026,119,0,0,0,0,0,0
400,H-400,L,301.4925071320544,311.50133365195546,1387,48.29732417879175,45,0,0,0,0,0,0
401,M-401,H,301.2909683622822,309.67732016115787,1380,48.11396554491592,177,0,0,0,0,0,0
402,M-402,L,304.32650944661094,309.74916698354497,1514,28.517367112473817,175,0,0,0,0,0,0
403,H-403,M,299.384443530094,311.32819414184905,1673,48.18777643754861,133,0,0,0,0,0,0
404,H-404,L,300.43830065532785,310.5562300094007,1723,55.37931918412553,216,0,0,0,0,0,0
405,M-405,H,300.4987673674215,310.4558877720816,1563,28.774551937555863,55,0,0,0,0,0,0
406,H-406,L,303.1549065595269,312.1650023449011,1550,30.824971789857365,109,0,0,0,0,0,0
407,L-407,M,299.8094089352261,309.35648176961985,1319,50.17661466843502,186,0,0,0,0,0,0
408,M-408,H,300.55804305154066,310.92784012808124,1445,42.71495310825648,247,0,0,0,0,0,0
409,H-409,M,301.2157930194331,310.0570131248971,1421,45.514762752395235,231,0,0,0,0,0,0
410,M-410,H,300.3732182463127,310.26859227886325,1437,43.40589216400497,156,0,0,0,1,0,1
411,L-411,H,299.10713277089894,311.52846842641253,1483,43.90695920928144,198,0,0,0,0,0,0
412,M-412,L,300.3881799857966,310.50783575628964,1452,26.73527871688917,103,0,0,0,0,0,0
413,M-413,L,302.14726349971954,310.53829607904964,1302,50.47317706621448,76,0,0,0,0,0,0
414,M-414,M,297.94696940117785,311.0725073373098,1574,51.69589992427774,229,0,0,0,0,0,0
415,M-415,L,300.2659393482937,309.6350472704571,1392,37.70609255931972,145,0,0,0,0,0,0
416,L-416,L,298.59975837012166,309.160790332661,1523,39.56523050186138,1,0,0,0,0,0,0
417,M-417,H,302.3900932578497,308.955190805979,1707,24.688924974442777,7,0,0,0,0,0,0
418,M-418,L,296.95362619043243,308.033643410624,1408,45.14254756017835,74,0,0,0,0,0,0
419,H-419,H,298.8821563054568,312.05620712994033,1246,45.72057441714144,224,0,0,0,0,0,0
420,M-420,H,300.75442375012904,308.8967916342783,1471,39.37808983000689,181,0,0,0,0,0,0
421,H-421,H,303.1310480584687,309.77874637641423,1610,51.24353359870503,124,0,0,0,0,0,0
422,L-422,M,299.868499477854,309.72318670011106,1695,36.659227690200595,37,0,0,0,0,0,0
423,L-423,M,298.8896009466136,310.3074066978091,1377,45.646059258936006,175,0,0,0,0,0,0
424,L-424,M,303.76231413888115,310.8157372125393,1549,29.803356613078844,26,0,0,0,1,0,1
425,L-425,H,297.1039721991675,310.86047348835973,1453,39.76447849125762,19,0,0,0,0,0,0
426,H-426,M,295.60238808675985,309.4169225614311,1489,38.25645742097164,139,0,0,0,0,0,0
427,M-427,M,300.88002890010665,309.8328782862136,1764,42.25307922040942,42,0,0,0,0,0,0
428,L-428,L,298.9958915512948,310.2825799504883,1349,36.304730711666416,188,0,0,0,0,0,0
429,M-429,M,297.9575343657386,309.75130887381647,1525,38.68527404328332,30,0,0,0,0,0,0
430,H-430,M,301.41671289459873,311.60734557602,1546,48.26047171441506,90,0,0,0,0,0,0
431,H-431,H,300.4876014275424,310.49097495163824,1608,35.63235762761782,223,0,0,0,0,0,0
432,H-432,H,298.87184273852654,310.7348777860498,1509,23.934228992613207,60,0,0,0,0,0,0
433,L-433,H,297.4393912026582,310.66288126866743,1530,57.49583904205421,201,0,0,0,0,0,0
434,M-434,H,301.7449146565603,311.1734738574853,1460,53.814540786904864,194,0,0,0,0,0,0
435,M-435,H,301.3004023559173,310.1810215587037,1526,27.077373048943812,108,0,0,0,0,0,0
436,M-436,H,299.80164827244124,308.70316805204413,1465,46.897078052451945,90,0,0,0,0,0,0
437,H-437,M,303.6932739920953,310.39968795175264,1562,34.97025229448657,162,0,0,0,0,0,0
438,L-438,H,297.8598304673477,309.34864310620816,1463,42.634872153310596,94,0,0,0,0,0,0
439,H-439,H,296.9489496581505,309.4713833182502,1537,42.94224129013494,142,0,0,0,0,0,0
440,H-440,L,298.6161838602375,310.5863640187551,1497,37.65592199683678,143,0,0,0,0,0,0
441,M-441,M,299.908827967289,311.2382830714336,1612,32.16234334413603,12,0,0,0,0,0,0
442,H-442,M,300.4866788986454,310.02127157673607,1494,33.094589476837406,112,0,0,0,0,1,1
443,M-443,M,299.51752788428735,310.30883301259894,1322,30.838080845187577,34,0,0,0,0,0,0
444,L-444,H,300.7041107930286,311.7022149446352,1626,31.681777917695552,243,0,0,0,0,0,0
445,M-445,H,297.4969211516191,310.2407531794886,1409,39.328217099506446,202,0,0,0,0,0,0
446,L-446,H,302.88752920814653,312.6016831141804,1434,32.842400108892484,186,0,0,0,0,0,0
447,M-447,L,299.83569764321487,310.56550964563155,1440,46.820520657126195,148,0,0,0,0,0,0
448,H-448,H,302.2345916631763,308.2392372408442,1637,54.87246155335927,242,0,0,0,0,0,0
449,H-449,L,300.6854506927554,310.75334162110454,1286,34.19946758629957,181,0,0,0,0,0,0
450,L-450,M,300.9135064383076,310.3811583848828,1813,42.39404500535377,202,0,0,0,0,0,0
451,L-451,H,301.1395345604644,311.28975275408277,1605,44.996851103029336,157,0,0,0,0,0,0
452,L-452,L,300.8954171200346,310.67318135126993,1522,44.72002270919275,47,0,0,0,0,0,0
453,M-453,L,301.2854455197351,309.86154401601624,1494,40.759552679160876,244,0,0,0,0,0,0
454,M-454,H,302.65830506026487,308.77570176371063,1528,47.426824183597226,34,0,0,0,0,0,0
455,L-455,M,300.39304233940294,309.79097674271395,1552,44.82248952680657,85,0,0,0,0,0,0
456,H-456,M,301.418007515177,309.1494795457907,1564,27.623375776727023,165,0,0,0,0,0,0
457,M-457,M,299.8205286114256,309.41947655019527,1555,48.69156064389273,158,0,0,0,0,0,0
458,M-458,L,302.88023443089895,310.5885784044206,1508,48.872908372667425,205,0,0,0,0,0,0
459,M-459,L,298.64721539588146,311.6699045043514,1480,32.367138958214184,151,0,0,0,0,0,0
460,L-460,L,303.6018808658216,310.394671529823,1484,40.37937835447602,113,0,0,0,0,0,0
461,L-461,L,299.9196840987113,308.8041169379648,1480,46.833289928110695,176,0,0,0,0,0,0
462,L-462,M,297.1384497957639,310.4446026682201,1613,37.906861804206386,223,0,0,0,0,0,0
463,L-463,H,300.25620882982156,311.19663148664563,1559,50.729780477660114,99,0,0,0,0,0,0
464,L-464,L,298.63789668505024,309.3902170956806,1205,63.638724946193605,159,0,0,0,0,0,0
465,H-465,L,301.6812870979775,309.8659828333271,1565,32.140139673650175,182,0,0,0,0,0,0
466,H-466,M,298.6947520413952,310.0146881947292,1519,26.18955396846225,206,0,0,0,0,0,0
467,L-467,H,299.10763313357046,309.21510168691776,1498,43.03818595604876,234,0,0,0,0,0,0
468,M-468,H,296.22091853810895,310.64828043384387,1461,47.21562505126143,185,0,0,0,0,0,0
469,L-469,M,299.0953873615018,309.8790518513922,1612,37.69133626155231,98,0,0,0,0,0,0
470,H-470,M,295.1522413467421,310.41953244390703,1594,54.53260663321034,2,0,0,0,0,0,0
471,H-471,H,296.83219435302857,309.1125078221979,1422,26.613942002767512,207,0,0,0,0,0,0
472,M-472,L,301.5208293122886,309.5625416996766,1540,46.92918623031611,196,0,0,0,0,0,0
473,H-473,H,301.57160031730166,310.72238135782777,1402,33.94139179241107,84,0,0,0,0,0,0
474,L-474,M,300.8509151235699,309.62716684790826,1362,57.19377906207296,124,0,0,0,0,0,0
475,M-475,L,298.06604771374157,311.7269638512334,1437,59.92515353168118,137,0,0,0,0,0,0
476,L-476,L,299.90457728771605,309.6003638143854,1586,32.33343412216652,82,0,0,0,0,0,0
477,L-477,M,299.99279492181887,310.2246847257519,1595,34.5044286409142,24,0,0,0,0,0,0
478,M-478,M,297.6832706216149,310.9325908318731,1551,48.59587886979802,67,0,0,0,0,0,0
479,L-479,M,303.0067966035343,308.581634267067,1572,36.12869350210485,60,0,0,0,0,0,0
480,H-480,H,301.7547245811513,308.2391911880192,1551,39.54588782067762,28,0,0,0,0,0,0
481,L-481,H,299.5580716523407,308.4743436854299,1435,40.2538842054241,126,0,0,0,0,0,0
482,M-482,L,300.05377167798906,311.2625841034272,1543,20.803268438023437,18,0,0,0,0,0,0
483,M-483,M,300.4167656158951,309.4481418541076,1580,39.86162253905763,170,1,0,0,0,0,1
484,M-484,L,295.9165302631514,312.55819928566825,1575,33.10272225935826,193,0,0,0,0,0,0
485,L-485,L,299.5056452349588,309.4357524013426,1618,35.06877177600228,73,0,0,0,0,0,0
486,M-486,L,298.6360315040044,310.18455130319705,1570,54.43632003468814,60,0,0,0,0,0,0
487,M-487,L,297.9967599802102,311.5421099525679,1535,27.434931057207436,170,0,0,0,0,0,0
488,L-488,M,299.4377994142281,312.0060928881591,1607,48.132051867479774,152,0,0,0,0,0,0
489,H-489,L,303.59537305369906,312.0615035766364,1497,37.21037069668191,19,0,0,0,0,0,0
490,L-490,M,301.281685722534,311.2083662305931,1411,37.202398315041656,47,0,0,0,0,0,0
491,M-491,M,298.8576420204344,311.0240625258115,1483,47.90371896051711,210,0,0,0,0,0,0
492,M-492,H,301.1451655627123,310.59252694920116,1425,43.4005129456889,86,0,0,0,0,0,0
493,L-493,M,302.798710873172,310.7783610761666,1432,45.70612997219531,151,0,0,0,0,0,0
494,H-494,H,301.84926736582554,309.4488142836715,1485,49.68184660532861,138,0,0,0,0,0,0
495,M-495,M,300.11926073984034,309.1818011165777,1420,36.686916168166775,109,0,0,0,0,0,0
496,M-496,M,298.70612644458885,309.9966255425891,1469,33.87763265492249,225,0,0,0,0,0,0
497,M-497,M,301.3964466272272,309.8298153774751,1310,29.14849473442202,182,0,1,0,0,0,1
498,L-498,H,300.7869707708435,309.54677195067273,1521,31.74589470021045,27,0,0,0,0,0,0
499,M-499,H,301.79038644005544,310.69638744745674,1500,69.49094425308725,196,0,0,0,0,0,0
500,H-500,L,301.2703436033639,310.9553052085705,1418,52.44679580736786,190,0,0,0,0,0,0
